Fold Name,Baseline Name,MAE,RMSE,R2,Median_AE
fold_2018,training_mean_baseline,2.7385392578125,3.78194189726397,-0.11538170882416465,2.1999999999999957
fold_2018,persistence_baseline,2.7184385416666665,4.819006855357146,-0.8109601825683546,1.2290500000000009
fold_2019,training_mean_baseline,3.2083333333333326,4.540140859557169,-0.003019344454957107,2.165484895833316
fold_2019,persistence_baseline,2.9656249999999997,4.9631244359442235,-0.1986185167999992,1.0999999999999943
fold_2020,training_mean_baseline,2.9576848307291677,4.651949908862633,-0.046314220234269454,1.9514822916666645
fold_2020,persistence_baseline,3.648958333333333,5.485615659765699,-0.45493241849794686,2.75
