Component,Value
Predicted,100.01198798402248
Residual,2.6880120159775203
Actual,102.7
