Model Name,Model Type,MAE,RMSE,R2,Median_AE
ridge_benchmark,Ridge benchmark,3.509917517788729,4.521961917885593,-2.56178565960714,2.715863166265599
