Baseline Name,Validation_Fold_Count,Mean_Validation_MAE,Mean_Validation_RMSE,Mean_Validation_R2,Mean_Validation_Median_AE,Total_Fallback_Prediction_Count
historical_state_stage_sex_mean_baseline,3,2.836659780092593,4.777112629815335,-0.33670467885655603,1.570605555555557,0
previous_year_trend_baseline,3,5.073985069444444,8.336677887800063,-2.989355829883943,2.6212333333333313,0
rolling2_completion_mean_baseline,3,2.6614017361111113,4.358095983716592,-0.06516996253153169,1.6649500000000046,0
stage_sex_mean_baseline,3,2.824359215856481,4.298452155592057,-0.04548171109720511,1.9391015624999994,0
