Component,Value
Predicted,100.99386330671953
Residual,-1.593863306719527
Actual,99.4
