Tolerance Band,Percentage
Within ±1pp,33.33333333333333
Within ±2pp,63.541666666666664
Within ±5pp,91.66666666666666
