Column,Count,Mean,Median,Min,Max,Std Dev,Missing Count
completion_rate,1008,97.66383650793651,98.06795,73.9,112.9,3.9101781073397017,0
completion_gap_from_malaysia,1008,0.009187301587302169,0.12590000000000146,-23.599999999999994,15.124400000000009,3.5228846997768755,0
next_year_completion_rate,864,97.61521180555556,98.0,73.9,112.9,3.755254255157721,144
next_year_completion_gap_from_malaysia,864,-0.025017824074073707,0.10000000000000142,-23.599999999999994,13.600000000000009,3.368520358659561,144
target_delta,864,0.2510368055555554,0.18539999999999424,-24.799999999999997,27.19999999999999,4.778734863531596,144
