winner_by_row,row_count,row_percentage
svr,74,77.08333333333334
rf,22,22.916666666666664
